{
	"partitions" : [
		{
			"name" : "Top",
			"pins" : [
				{
					"name" : "CS_P",
					"strict" : false
				},
				{
					"name" : "ADDR_Prog[9]",
					"strict" : false
				},
				{
					"name" : "ADDR_Prog[13]",
					"strict" : false
				},
				{
					"name" : "ADDR_Prog[11]",
					"strict" : false
				},
				{
					"name" : "ADDR_Prog[8]",
					"strict" : false
				},
				{
					"name" : "ADDR_Prog[4]",
					"strict" : false
				},
				{
					"name" : "ADDR_Prog[5]",
					"strict" : false
				},
				{
					"name" : "ADDR_Prog[6]",
					"strict" : false
				},
				{
					"name" : "ADDR_Prog[7]",
					"strict" : false
				},
				{
					"name" : "ADDR_Prog[10]",
					"strict" : false
				},
				{
					"name" : "ADDR_Prog[12]",
					"strict" : false
				},
				{
					"name" : "ADDR_Prog[14]",
					"strict" : false
				},
				{
					"name" : "ADDR_Prog[15]",
					"strict" : false
				},
				{
					"name" : "ADDR_Prog[16]",
					"strict" : false
				},
				{
					"name" : "ADDR_Prog[17]",
					"strict" : false
				},
				{
					"name" : "ADDR_Prog[18]",
					"strict" : false
				},
				{
					"name" : "ADDR_Prog[19]",
					"strict" : false
				},
				{
					"name" : "ADDR_Prog[20]",
					"strict" : false
				},
				{
					"name" : "ADDR_Prog[21]",
					"strict" : false
				},
				{
					"name" : "ADDR_Prog[22]",
					"strict" : false
				},
				{
					"name" : "ADDR_Prog[23]",
					"strict" : false
				},
				{
					"name" : "ADDR_Prog[24]",
					"strict" : false
				},
				{
					"name" : "ADDR_Prog[25]",
					"strict" : false
				},
				{
					"name" : "ADDR_Prog[26]",
					"strict" : false
				},
				{
					"name" : "ADDR_Prog[27]",
					"strict" : false
				},
				{
					"name" : "ADDR_Prog[28]",
					"strict" : false
				},
				{
					"name" : "ADDR_Prog[29]",
					"strict" : false
				},
				{
					"name" : "ADDR_Prog[30]",
					"strict" : false
				},
				{
					"name" : "ADDR_Prog[31]",
					"strict" : false
				}
			]
		}
	]
}